{"cameraMode":{"drawMode":0,"name":"Shaded","section":"Shading Mode"},"sceneLighting":false,"audioPlay":false,"sceneViewState":{"showFog":true,"showMaterialUpdate":false,"showSkybox":true,"showFlares":true,"showImageEffects":true,"showParticleSystems":true},"in2DMode":false,"pivot":{"x":-3.8077197074890138,"y":4.248800277709961,"z":2.2385597229003908},"rotation":{"x":0.04644661396741867,"y":-0.7936696410179138,"z":0.06108400598168373,"w":0.603489875793457},"size":4.786501407623291,"orthographic":false}